bytes,content-type,elapsed,endpoint,resource,status,entry-date,start-date,end-date
3481,text/plain; charset=utf-8,0.192,25278c3b3f68fa04c760c30e02d56dddd65f7a723c28b1488cf367bd08467c1d,d949e93c7f803360311208c92f9246584389e13cb7010fc7d06879b87ea758e7,200,2021-02-10T12:51:17.018902,,
472,text/plain; charset=utf-8,0.192,5d0613c11c84f82018b1f62fc4694f0c61b9cdd936f393ed1685a058a736dac3,5a2146a11519805b4ecd9f3b954cf4d1578428cada0b3586834de16ccf42756c,200,2021-02-10T12:51:17.018902,,
3217,text/plain; charset=utf-8,0.106,25278c3b3f68fa04c760c30e02d56dddd65f7a723c28b1488cf367bd08467c1d,d949e93c7f803360311208c92f9246584389e13cb7010fc7d06879b87ea758e7,200,2021-02-11T00:05:50.240739,,
460,text/plain; charset=utf-8,0.08,5d0613c11c84f82018b1f62fc4694f0c61b9cdd936f393ed1685a058a736dac3,5a2146a11519805b4ecd9f3b954cf4d1578428cada0b3586834de16ccf42756c,200,2021-02-11T00:05:50.240739,,
3217,text/plain; charset=utf-8,0.095,25278c3b3f68fa04c760c30e02d56dddd65f7a723c28b1488cf367bd08467c1d,d949e93c7f803360311208c92f9246584389e13cb7010fc7d06879b87ea758e7,200,2021-02-12T00:05:52.489566,,
460,text/plain; charset=utf-8,0.075,5d0613c11c84f82018b1f62fc4694f0c61b9cdd936f393ed1685a058a736dac3,5a2146a11519805b4ecd9f3b954cf4d1578428cada0b3586834de16ccf42756c,200,2021-02-12T00:05:52.489566,,
3217,text/plain; charset=utf-8,0.078,25278c3b3f68fa04c760c30e02d56dddd65f7a723c28b1488cf367bd08467c1d,d949e93c7f803360311208c92f9246584389e13cb7010fc7d06879b87ea758e7,200,2021-02-13T00:12:10.219889,,
460,text/plain; charset=utf-8,0.083,5d0613c11c84f82018b1f62fc4694f0c61b9cdd936f393ed1685a058a736dac3,5a2146a11519805b4ecd9f3b954cf4d1578428cada0b3586834de16ccf42756c,200,2021-02-13T00:12:10.219889,,
3217,text/plain; charset=utf-8,0.106,25278c3b3f68fa04c760c30e02d56dddd65f7a723c28b1488cf367bd08467c1d,d949e93c7f803360311208c92f9246584389e13cb7010fc7d06879b87ea758e7,200,2021-02-14T00:11:01.537143,,
460,text/plain; charset=utf-8,0.09,5d0613c11c84f82018b1f62fc4694f0c61b9cdd936f393ed1685a058a736dac3,5a2146a11519805b4ecd9f3b954cf4d1578428cada0b3586834de16ccf42756c,200,2021-02-14T00:11:01.537143,,
3217,text/plain; charset=utf-8,0.12,25278c3b3f68fa04c760c30e02d56dddd65f7a723c28b1488cf367bd08467c1d,d949e93c7f803360311208c92f9246584389e13cb7010fc7d06879b87ea758e7,200,2021-02-15T00:11:20.808268,,
460,text/plain; charset=utf-8,0.077,5d0613c11c84f82018b1f62fc4694f0c61b9cdd936f393ed1685a058a736dac3,5a2146a11519805b4ecd9f3b954cf4d1578428cada0b3586834de16ccf42756c,200,2021-02-15T00:11:20.808268,,
3217,text/plain; charset=utf-8,0.03,25278c3b3f68fa04c760c30e02d56dddd65f7a723c28b1488cf367bd08467c1d,d949e93c7f803360311208c92f9246584389e13cb7010fc7d06879b87ea758e7,200,2021-02-16T13:06:07.686177,,
460,text/plain; charset=utf-8,0.019,5d0613c11c84f82018b1f62fc4694f0c61b9cdd936f393ed1685a058a736dac3,5a2146a11519805b4ecd9f3b954cf4d1578428cada0b3586834de16ccf42756c,200,2021-02-16T13:06:07.686177,,
7406,text/plain; charset=utf-8,0.094,ab4dcf8129c2c774eac89816c2890390e80799cc248fc89f7a67eb50c43be0b9,37236e7dbb9f3899ebf5f7c074827b210937a2a515ca426490dc6d364e087052,200,2021-02-16T13:06:07.686177,,
3217,text/plain; charset=utf-8,0.122,25278c3b3f68fa04c760c30e02d56dddd65f7a723c28b1488cf367bd08467c1d,d949e93c7f803360311208c92f9246584389e13cb7010fc7d06879b87ea758e7,200,2021-02-17T00:06:28.397727,,
460,text/plain; charset=utf-8,0.085,5d0613c11c84f82018b1f62fc4694f0c61b9cdd936f393ed1685a058a736dac3,5a2146a11519805b4ecd9f3b954cf4d1578428cada0b3586834de16ccf42756c,200,2021-02-17T00:06:28.397727,,
6292,text/plain; charset=utf-8,0.103,ab4dcf8129c2c774eac89816c2890390e80799cc248fc89f7a67eb50c43be0b9,37236e7dbb9f3899ebf5f7c074827b210937a2a515ca426490dc6d364e087052,200,2021-02-17T00:06:28.397727,,
3217,text/plain; charset=utf-8,0.135,25278c3b3f68fa04c760c30e02d56dddd65f7a723c28b1488cf367bd08467c1d,d949e93c7f803360311208c92f9246584389e13cb7010fc7d06879b87ea758e7,200,2021-02-18T00:06:01.245525,,
460,text/plain; charset=utf-8,0.105,5d0613c11c84f82018b1f62fc4694f0c61b9cdd936f393ed1685a058a736dac3,5a2146a11519805b4ecd9f3b954cf4d1578428cada0b3586834de16ccf42756c,200,2021-02-18T00:06:01.245525,,
6292,text/plain; charset=utf-8,0.164,ab4dcf8129c2c774eac89816c2890390e80799cc248fc89f7a67eb50c43be0b9,37236e7dbb9f3899ebf5f7c074827b210937a2a515ca426490dc6d364e087052,200,2021-02-18T00:06:01.245525,,
3217,text/plain; charset=utf-8,0.075,25278c3b3f68fa04c760c30e02d56dddd65f7a723c28b1488cf367bd08467c1d,d949e93c7f803360311208c92f9246584389e13cb7010fc7d06879b87ea758e7,200,2021-02-19T00:08:39.668657,,
460,text/plain; charset=utf-8,0.081,5d0613c11c84f82018b1f62fc4694f0c61b9cdd936f393ed1685a058a736dac3,5a2146a11519805b4ecd9f3b954cf4d1578428cada0b3586834de16ccf42756c,200,2021-02-19T00:08:39.668657,,
6292,text/plain; charset=utf-8,0.12,ab4dcf8129c2c774eac89816c2890390e80799cc248fc89f7a67eb50c43be0b9,37236e7dbb9f3899ebf5f7c074827b210937a2a515ca426490dc6d364e087052,200,2021-02-19T00:08:39.668657,,
3217,text/plain; charset=utf-8,0.078,25278c3b3f68fa04c760c30e02d56dddd65f7a723c28b1488cf367bd08467c1d,d949e93c7f803360311208c92f9246584389e13cb7010fc7d06879b87ea758e7,200,2021-02-20T00:05:41.700014,,
460,text/plain; charset=utf-8,0.074,5d0613c11c84f82018b1f62fc4694f0c61b9cdd936f393ed1685a058a736dac3,5a2146a11519805b4ecd9f3b954cf4d1578428cada0b3586834de16ccf42756c,200,2021-02-20T00:05:41.700014,,
6292,text/plain; charset=utf-8,0.107,ab4dcf8129c2c774eac89816c2890390e80799cc248fc89f7a67eb50c43be0b9,37236e7dbb9f3899ebf5f7c074827b210937a2a515ca426490dc6d364e087052,200,2021-02-20T00:05:41.700014,,
3217,text/plain; charset=utf-8,0.071,25278c3b3f68fa04c760c30e02d56dddd65f7a723c28b1488cf367bd08467c1d,d949e93c7f803360311208c92f9246584389e13cb7010fc7d06879b87ea758e7,200,2021-02-21T00:08:57.827473,,
460,text/plain; charset=utf-8,0.078,5d0613c11c84f82018b1f62fc4694f0c61b9cdd936f393ed1685a058a736dac3,5a2146a11519805b4ecd9f3b954cf4d1578428cada0b3586834de16ccf42756c,200,2021-02-21T00:08:57.827473,,
6292,text/plain; charset=utf-8,0.107,ab4dcf8129c2c774eac89816c2890390e80799cc248fc89f7a67eb50c43be0b9,37236e7dbb9f3899ebf5f7c074827b210937a2a515ca426490dc6d364e087052,200,2021-02-21T00:08:57.827473,,
3217,text/plain; charset=utf-8,0.075,25278c3b3f68fa04c760c30e02d56dddd65f7a723c28b1488cf367bd08467c1d,d949e93c7f803360311208c92f9246584389e13cb7010fc7d06879b87ea758e7,200,2021-02-22T00:06:07.057168,,
460,text/plain; charset=utf-8,0.076,5d0613c11c84f82018b1f62fc4694f0c61b9cdd936f393ed1685a058a736dac3,5a2146a11519805b4ecd9f3b954cf4d1578428cada0b3586834de16ccf42756c,200,2021-02-22T00:06:07.057168,,
6292,text/plain; charset=utf-8,0.109,ab4dcf8129c2c774eac89816c2890390e80799cc248fc89f7a67eb50c43be0b9,37236e7dbb9f3899ebf5f7c074827b210937a2a515ca426490dc6d364e087052,200,2021-02-22T00:06:07.057168,,
3217,text/plain; charset=utf-8,0.09,25278c3b3f68fa04c760c30e02d56dddd65f7a723c28b1488cf367bd08467c1d,d949e93c7f803360311208c92f9246584389e13cb7010fc7d06879b87ea758e7,200,2021-02-23T00:06:04.540531,,
460,text/plain; charset=utf-8,0.088,5d0613c11c84f82018b1f62fc4694f0c61b9cdd936f393ed1685a058a736dac3,5a2146a11519805b4ecd9f3b954cf4d1578428cada0b3586834de16ccf42756c,200,2021-02-23T00:06:04.540531,,
6292,text/plain; charset=utf-8,0.104,ab4dcf8129c2c774eac89816c2890390e80799cc248fc89f7a67eb50c43be0b9,37236e7dbb9f3899ebf5f7c074827b210937a2a515ca426490dc6d364e087052,200,2021-02-23T00:06:04.540531,,
3217,text/plain; charset=utf-8,0.133,25278c3b3f68fa04c760c30e02d56dddd65f7a723c28b1488cf367bd08467c1d,d949e93c7f803360311208c92f9246584389e13cb7010fc7d06879b87ea758e7,200,2021-02-24T00:05:58.272702,,
460,text/plain; charset=utf-8,0.206,5d0613c11c84f82018b1f62fc4694f0c61b9cdd936f393ed1685a058a736dac3,5a2146a11519805b4ecd9f3b954cf4d1578428cada0b3586834de16ccf42756c,200,2021-02-24T00:05:58.272702,,
6292,text/plain; charset=utf-8,0.125,ab4dcf8129c2c774eac89816c2890390e80799cc248fc89f7a67eb50c43be0b9,37236e7dbb9f3899ebf5f7c074827b210937a2a515ca426490dc6d364e087052,200,2021-02-24T00:05:58.272702,,
3217,text/plain; charset=utf-8,0.076,25278c3b3f68fa04c760c30e02d56dddd65f7a723c28b1488cf367bd08467c1d,d949e93c7f803360311208c92f9246584389e13cb7010fc7d06879b87ea758e7,200,2021-02-25T00:06:03.807607,,
460,text/plain; charset=utf-8,0.069,5d0613c11c84f82018b1f62fc4694f0c61b9cdd936f393ed1685a058a736dac3,5a2146a11519805b4ecd9f3b954cf4d1578428cada0b3586834de16ccf42756c,200,2021-02-25T00:06:03.807607,,
6292,text/plain; charset=utf-8,0.114,ab4dcf8129c2c774eac89816c2890390e80799cc248fc89f7a67eb50c43be0b9,37236e7dbb9f3899ebf5f7c074827b210937a2a515ca426490dc6d364e087052,200,2021-02-25T00:06:03.807607,,
3217,text/plain; charset=utf-8,0.066,25278c3b3f68fa04c760c30e02d56dddd65f7a723c28b1488cf367bd08467c1d,d949e93c7f803360311208c92f9246584389e13cb7010fc7d06879b87ea758e7,200,2021-02-26T00:06:08.896617,,
460,text/plain; charset=utf-8,0.069,5d0613c11c84f82018b1f62fc4694f0c61b9cdd936f393ed1685a058a736dac3,5a2146a11519805b4ecd9f3b954cf4d1578428cada0b3586834de16ccf42756c,200,2021-02-26T00:06:08.896617,,
6292,text/plain; charset=utf-8,0.121,ab4dcf8129c2c774eac89816c2890390e80799cc248fc89f7a67eb50c43be0b9,37236e7dbb9f3899ebf5f7c074827b210937a2a515ca426490dc6d364e087052,200,2021-02-26T00:06:08.896617,,
3217,text/plain; charset=utf-8,0.206,25278c3b3f68fa04c760c30e02d56dddd65f7a723c28b1488cf367bd08467c1d,d949e93c7f803360311208c92f9246584389e13cb7010fc7d06879b87ea758e7,200,2021-02-27T00:06:18.905553,,
460,text/plain; charset=utf-8,0.15,5d0613c11c84f82018b1f62fc4694f0c61b9cdd936f393ed1685a058a736dac3,5a2146a11519805b4ecd9f3b954cf4d1578428cada0b3586834de16ccf42756c,200,2021-02-27T00:06:18.905553,,
6292,text/plain; charset=utf-8,0.179,ab4dcf8129c2c774eac89816c2890390e80799cc248fc89f7a67eb50c43be0b9,37236e7dbb9f3899ebf5f7c074827b210937a2a515ca426490dc6d364e087052,200,2021-02-27T00:06:18.905553,,
3217,text/plain; charset=utf-8,0.116,25278c3b3f68fa04c760c30e02d56dddd65f7a723c28b1488cf367bd08467c1d,d949e93c7f803360311208c92f9246584389e13cb7010fc7d06879b87ea758e7,200,2021-02-28T00:08:48.239872,,
460,text/plain; charset=utf-8,0.07,5d0613c11c84f82018b1f62fc4694f0c61b9cdd936f393ed1685a058a736dac3,5a2146a11519805b4ecd9f3b954cf4d1578428cada0b3586834de16ccf42756c,200,2021-02-28T00:08:48.239872,,
6292,text/plain; charset=utf-8,0.108,ab4dcf8129c2c774eac89816c2890390e80799cc248fc89f7a67eb50c43be0b9,37236e7dbb9f3899ebf5f7c074827b210937a2a515ca426490dc6d364e087052,200,2021-02-28T00:08:48.239872,,
3217,text/plain; charset=utf-8,0.118,25278c3b3f68fa04c760c30e02d56dddd65f7a723c28b1488cf367bd08467c1d,d949e93c7f803360311208c92f9246584389e13cb7010fc7d06879b87ea758e7,200,2021-03-01T00:06:41.870476,,
460,text/plain; charset=utf-8,0.078,5d0613c11c84f82018b1f62fc4694f0c61b9cdd936f393ed1685a058a736dac3,5a2146a11519805b4ecd9f3b954cf4d1578428cada0b3586834de16ccf42756c,200,2021-03-01T00:06:41.870476,,
6292,text/plain; charset=utf-8,0.113,ab4dcf8129c2c774eac89816c2890390e80799cc248fc89f7a67eb50c43be0b9,37236e7dbb9f3899ebf5f7c074827b210937a2a515ca426490dc6d364e087052,200,2021-03-01T00:06:41.870476,,
3217,text/plain; charset=utf-8,0.078,25278c3b3f68fa04c760c30e02d56dddd65f7a723c28b1488cf367bd08467c1d,d949e93c7f803360311208c92f9246584389e13cb7010fc7d06879b87ea758e7,200,2021-03-02T00:05:10.025969,,
460,text/plain; charset=utf-8,0.088,5d0613c11c84f82018b1f62fc4694f0c61b9cdd936f393ed1685a058a736dac3,5a2146a11519805b4ecd9f3b954cf4d1578428cada0b3586834de16ccf42756c,200,2021-03-02T00:05:10.025969,,
6292,text/plain; charset=utf-8,0.114,ab4dcf8129c2c774eac89816c2890390e80799cc248fc89f7a67eb50c43be0b9,37236e7dbb9f3899ebf5f7c074827b210937a2a515ca426490dc6d364e087052,200,2021-03-02T00:05:10.025969,,
3217,text/plain; charset=utf-8,0.138,25278c3b3f68fa04c760c30e02d56dddd65f7a723c28b1488cf367bd08467c1d,d949e93c7f803360311208c92f9246584389e13cb7010fc7d06879b87ea758e7,200,2021-03-03T00:06:01.247963,,
460,text/plain; charset=utf-8,0.096,5d0613c11c84f82018b1f62fc4694f0c61b9cdd936f393ed1685a058a736dac3,5a2146a11519805b4ecd9f3b954cf4d1578428cada0b3586834de16ccf42756c,200,2021-03-03T00:06:01.247963,,
6292,text/plain; charset=utf-8,0.109,ab4dcf8129c2c774eac89816c2890390e80799cc248fc89f7a67eb50c43be0b9,37236e7dbb9f3899ebf5f7c074827b210937a2a515ca426490dc6d364e087052,200,2021-03-03T00:06:01.247963,,
3217,text/plain; charset=utf-8,0.074,25278c3b3f68fa04c760c30e02d56dddd65f7a723c28b1488cf367bd08467c1d,d949e93c7f803360311208c92f9246584389e13cb7010fc7d06879b87ea758e7,200,2021-03-04T00:06:09.859947,,
460,text/plain; charset=utf-8,0.08,5d0613c11c84f82018b1f62fc4694f0c61b9cdd936f393ed1685a058a736dac3,5a2146a11519805b4ecd9f3b954cf4d1578428cada0b3586834de16ccf42756c,200,2021-03-04T00:06:09.859947,,
6292,text/plain; charset=utf-8,0.132,ab4dcf8129c2c774eac89816c2890390e80799cc248fc89f7a67eb50c43be0b9,37236e7dbb9f3899ebf5f7c074827b210937a2a515ca426490dc6d364e087052,200,2021-03-04T00:06:09.859947,,
3217,text/plain; charset=utf-8,0.081,25278c3b3f68fa04c760c30e02d56dddd65f7a723c28b1488cf367bd08467c1d,d949e93c7f803360311208c92f9246584389e13cb7010fc7d06879b87ea758e7,200,2021-03-05T00:06:16.302739,,
460,text/plain; charset=utf-8,0.093,5d0613c11c84f82018b1f62fc4694f0c61b9cdd936f393ed1685a058a736dac3,5a2146a11519805b4ecd9f3b954cf4d1578428cada0b3586834de16ccf42756c,200,2021-03-05T00:06:16.302739,,
6292,text/plain; charset=utf-8,0.136,ab4dcf8129c2c774eac89816c2890390e80799cc248fc89f7a67eb50c43be0b9,37236e7dbb9f3899ebf5f7c074827b210937a2a515ca426490dc6d364e087052,200,2021-03-05T00:06:16.302739,,
3217,text/plain; charset=utf-8,0.091,25278c3b3f68fa04c760c30e02d56dddd65f7a723c28b1488cf367bd08467c1d,d949e93c7f803360311208c92f9246584389e13cb7010fc7d06879b87ea758e7,200,2021-03-06T00:06:09.110929,,
460,text/plain; charset=utf-8,0.101,5d0613c11c84f82018b1f62fc4694f0c61b9cdd936f393ed1685a058a736dac3,5a2146a11519805b4ecd9f3b954cf4d1578428cada0b3586834de16ccf42756c,200,2021-03-06T00:06:09.110929,,
6292,text/plain; charset=utf-8,0.121,ab4dcf8129c2c774eac89816c2890390e80799cc248fc89f7a67eb50c43be0b9,37236e7dbb9f3899ebf5f7c074827b210937a2a515ca426490dc6d364e087052,200,2021-03-06T00:06:09.110929,,
3217,text/plain; charset=utf-8,0.073,25278c3b3f68fa04c760c30e02d56dddd65f7a723c28b1488cf367bd08467c1d,d949e93c7f803360311208c92f9246584389e13cb7010fc7d06879b87ea758e7,200,2021-03-07T00:06:28.278787,,
460,text/plain; charset=utf-8,0.084,5d0613c11c84f82018b1f62fc4694f0c61b9cdd936f393ed1685a058a736dac3,5a2146a11519805b4ecd9f3b954cf4d1578428cada0b3586834de16ccf42756c,200,2021-03-07T00:06:28.278787,,
6292,text/plain; charset=utf-8,0.125,ab4dcf8129c2c774eac89816c2890390e80799cc248fc89f7a67eb50c43be0b9,37236e7dbb9f3899ebf5f7c074827b210937a2a515ca426490dc6d364e087052,200,2021-03-07T00:06:28.278787,,
3217,text/plain; charset=utf-8,0.08,25278c3b3f68fa04c760c30e02d56dddd65f7a723c28b1488cf367bd08467c1d,d949e93c7f803360311208c92f9246584389e13cb7010fc7d06879b87ea758e7,200,2021-03-08T00:06:16.790380,,
460,text/plain; charset=utf-8,0.08,5d0613c11c84f82018b1f62fc4694f0c61b9cdd936f393ed1685a058a736dac3,5a2146a11519805b4ecd9f3b954cf4d1578428cada0b3586834de16ccf42756c,200,2021-03-08T00:06:16.790380,,
6292,text/plain; charset=utf-8,0.147,ab4dcf8129c2c774eac89816c2890390e80799cc248fc89f7a67eb50c43be0b9,37236e7dbb9f3899ebf5f7c074827b210937a2a515ca426490dc6d364e087052,200,2021-03-08T00:06:16.790380,,
3217,text/plain; charset=utf-8,0.08,25278c3b3f68fa04c760c30e02d56dddd65f7a723c28b1488cf367bd08467c1d,d949e93c7f803360311208c92f9246584389e13cb7010fc7d06879b87ea758e7,200,2021-03-09T00:06:13.910437,,
460,text/plain; charset=utf-8,0.107,5d0613c11c84f82018b1f62fc4694f0c61b9cdd936f393ed1685a058a736dac3,5a2146a11519805b4ecd9f3b954cf4d1578428cada0b3586834de16ccf42756c,200,2021-03-09T00:06:13.910437,,
6292,text/plain; charset=utf-8,0.118,ab4dcf8129c2c774eac89816c2890390e80799cc248fc89f7a67eb50c43be0b9,37236e7dbb9f3899ebf5f7c074827b210937a2a515ca426490dc6d364e087052,200,2021-03-09T00:06:13.910437,,
3217,text/plain; charset=utf-8,0.109,25278c3b3f68fa04c760c30e02d56dddd65f7a723c28b1488cf367bd08467c1d,d949e93c7f803360311208c92f9246584389e13cb7010fc7d06879b87ea758e7,200,2021-03-10T00:06:08.496291,,
460,text/plain; charset=utf-8,0.07,5d0613c11c84f82018b1f62fc4694f0c61b9cdd936f393ed1685a058a736dac3,5a2146a11519805b4ecd9f3b954cf4d1578428cada0b3586834de16ccf42756c,200,2021-03-10T00:06:08.496291,,
6292,text/plain; charset=utf-8,0.121,ab4dcf8129c2c774eac89816c2890390e80799cc248fc89f7a67eb50c43be0b9,37236e7dbb9f3899ebf5f7c074827b210937a2a515ca426490dc6d364e087052,200,2021-03-10T00:06:08.496291,,
3217,text/plain; charset=utf-8,0.09,25278c3b3f68fa04c760c30e02d56dddd65f7a723c28b1488cf367bd08467c1d,d949e93c7f803360311208c92f9246584389e13cb7010fc7d06879b87ea758e7,200,2021-03-11T00:07:10.470807,,
460,text/plain; charset=utf-8,0.081,5d0613c11c84f82018b1f62fc4694f0c61b9cdd936f393ed1685a058a736dac3,5a2146a11519805b4ecd9f3b954cf4d1578428cada0b3586834de16ccf42756c,200,2021-03-11T00:07:10.470807,,
6292,text/plain; charset=utf-8,0.127,ab4dcf8129c2c774eac89816c2890390e80799cc248fc89f7a67eb50c43be0b9,37236e7dbb9f3899ebf5f7c074827b210937a2a515ca426490dc6d364e087052,200,2021-03-11T00:07:10.470807,,
3217,text/plain; charset=utf-8,0.076,25278c3b3f68fa04c760c30e02d56dddd65f7a723c28b1488cf367bd08467c1d,d949e93c7f803360311208c92f9246584389e13cb7010fc7d06879b87ea758e7,200,2021-03-12T00:07:09.968703,,
460,text/plain; charset=utf-8,0.085,5d0613c11c84f82018b1f62fc4694f0c61b9cdd936f393ed1685a058a736dac3,5a2146a11519805b4ecd9f3b954cf4d1578428cada0b3586834de16ccf42756c,200,2021-03-12T00:07:09.968703,,
6292,text/plain; charset=utf-8,0.115,ab4dcf8129c2c774eac89816c2890390e80799cc248fc89f7a67eb50c43be0b9,37236e7dbb9f3899ebf5f7c074827b210937a2a515ca426490dc6d364e087052,200,2021-03-12T00:07:09.968703,,
3217,text/plain; charset=utf-8,0.074,25278c3b3f68fa04c760c30e02d56dddd65f7a723c28b1488cf367bd08467c1d,d949e93c7f803360311208c92f9246584389e13cb7010fc7d06879b87ea758e7,200,2021-03-13T00:07:04.613323,,
460,text/plain; charset=utf-8,0.089,5d0613c11c84f82018b1f62fc4694f0c61b9cdd936f393ed1685a058a736dac3,5a2146a11519805b4ecd9f3b954cf4d1578428cada0b3586834de16ccf42756c,200,2021-03-13T00:07:04.613323,,
6292,text/plain; charset=utf-8,0.136,ab4dcf8129c2c774eac89816c2890390e80799cc248fc89f7a67eb50c43be0b9,37236e7dbb9f3899ebf5f7c074827b210937a2a515ca426490dc6d364e087052,200,2021-03-13T00:07:04.613323,,
3217,text/plain; charset=utf-8,0.081,25278c3b3f68fa04c760c30e02d56dddd65f7a723c28b1488cf367bd08467c1d,d949e93c7f803360311208c92f9246584389e13cb7010fc7d06879b87ea758e7,200,2021-03-14T00:07:23.001685,,
460,text/plain; charset=utf-8,0.067,5d0613c11c84f82018b1f62fc4694f0c61b9cdd936f393ed1685a058a736dac3,5a2146a11519805b4ecd9f3b954cf4d1578428cada0b3586834de16ccf42756c,200,2021-03-14T00:07:23.001685,,
6292,text/plain; charset=utf-8,0.102,ab4dcf8129c2c774eac89816c2890390e80799cc248fc89f7a67eb50c43be0b9,37236e7dbb9f3899ebf5f7c074827b210937a2a515ca426490dc6d364e087052,200,2021-03-14T00:07:23.001685,,
3217,text/plain; charset=utf-8,0.07,25278c3b3f68fa04c760c30e02d56dddd65f7a723c28b1488cf367bd08467c1d,d949e93c7f803360311208c92f9246584389e13cb7010fc7d06879b87ea758e7,200,2021-03-15T00:07:14.820768,,
460,text/plain; charset=utf-8,0.077,5d0613c11c84f82018b1f62fc4694f0c61b9cdd936f393ed1685a058a736dac3,5a2146a11519805b4ecd9f3b954cf4d1578428cada0b3586834de16ccf42756c,200,2021-03-15T00:07:14.820768,,
6292,text/plain; charset=utf-8,0.196,ab4dcf8129c2c774eac89816c2890390e80799cc248fc89f7a67eb50c43be0b9,37236e7dbb9f3899ebf5f7c074827b210937a2a515ca426490dc6d364e087052,200,2021-03-15T00:07:14.820768,,
3217,text/plain; charset=utf-8,0.119,25278c3b3f68fa04c760c30e02d56dddd65f7a723c28b1488cf367bd08467c1d,d949e93c7f803360311208c92f9246584389e13cb7010fc7d06879b87ea758e7,200,2021-03-16T00:07:17.293594,,
460,text/plain; charset=utf-8,0.087,5d0613c11c84f82018b1f62fc4694f0c61b9cdd936f393ed1685a058a736dac3,5a2146a11519805b4ecd9f3b954cf4d1578428cada0b3586834de16ccf42756c,200,2021-03-16T00:07:17.293594,,
6292,text/plain; charset=utf-8,0.14,ab4dcf8129c2c774eac89816c2890390e80799cc248fc89f7a67eb50c43be0b9,37236e7dbb9f3899ebf5f7c074827b210937a2a515ca426490dc6d364e087052,200,2021-03-16T00:07:17.293594,,
3217,text/plain; charset=utf-8,0.082,25278c3b3f68fa04c760c30e02d56dddd65f7a723c28b1488cf367bd08467c1d,d949e93c7f803360311208c92f9246584389e13cb7010fc7d06879b87ea758e7,200,2021-03-17T00:07:33.950015,,
460,text/plain; charset=utf-8,0.083,5d0613c11c84f82018b1f62fc4694f0c61b9cdd936f393ed1685a058a736dac3,5a2146a11519805b4ecd9f3b954cf4d1578428cada0b3586834de16ccf42756c,200,2021-03-17T00:07:33.950015,,
6292,text/plain; charset=utf-8,0.139,ab4dcf8129c2c774eac89816c2890390e80799cc248fc89f7a67eb50c43be0b9,37236e7dbb9f3899ebf5f7c074827b210937a2a515ca426490dc6d364e087052,200,2021-03-17T00:07:33.950015,,
3217,text/plain; charset=utf-8,0.089,25278c3b3f68fa04c760c30e02d56dddd65f7a723c28b1488cf367bd08467c1d,d949e93c7f803360311208c92f9246584389e13cb7010fc7d06879b87ea758e7,200,2021-03-18T00:07:17.623579,,
460,text/plain; charset=utf-8,0.084,5d0613c11c84f82018b1f62fc4694f0c61b9cdd936f393ed1685a058a736dac3,5a2146a11519805b4ecd9f3b954cf4d1578428cada0b3586834de16ccf42756c,200,2021-03-18T00:07:17.623579,,
6292,text/plain; charset=utf-8,0.148,ab4dcf8129c2c774eac89816c2890390e80799cc248fc89f7a67eb50c43be0b9,37236e7dbb9f3899ebf5f7c074827b210937a2a515ca426490dc6d364e087052,200,2021-03-18T00:07:17.623579,,
3217,text/plain; charset=utf-8,0.095,25278c3b3f68fa04c760c30e02d56dddd65f7a723c28b1488cf367bd08467c1d,d949e93c7f803360311208c92f9246584389e13cb7010fc7d06879b87ea758e7,200,2021-03-19T00:07:18.336746,,
460,text/plain; charset=utf-8,0.081,5d0613c11c84f82018b1f62fc4694f0c61b9cdd936f393ed1685a058a736dac3,5a2146a11519805b4ecd9f3b954cf4d1578428cada0b3586834de16ccf42756c,200,2021-03-19T00:07:18.336746,,
6292,text/plain; charset=utf-8,0.176,ab4dcf8129c2c774eac89816c2890390e80799cc248fc89f7a67eb50c43be0b9,37236e7dbb9f3899ebf5f7c074827b210937a2a515ca426490dc6d364e087052,200,2021-03-19T00:07:18.336746,,
3217,text/plain; charset=utf-8,0.162,25278c3b3f68fa04c760c30e02d56dddd65f7a723c28b1488cf367bd08467c1d,d949e93c7f803360311208c92f9246584389e13cb7010fc7d06879b87ea758e7,200,2021-03-20T00:07:14.295823,,
460,text/plain; charset=utf-8,0.149,5d0613c11c84f82018b1f62fc4694f0c61b9cdd936f393ed1685a058a736dac3,5a2146a11519805b4ecd9f3b954cf4d1578428cada0b3586834de16ccf42756c,200,2021-03-20T00:07:14.295823,,
6292,text/plain; charset=utf-8,0.199,ab4dcf8129c2c774eac89816c2890390e80799cc248fc89f7a67eb50c43be0b9,37236e7dbb9f3899ebf5f7c074827b210937a2a515ca426490dc6d364e087052,200,2021-03-20T00:07:14.295823,,
3217,text/plain; charset=utf-8,0.076,25278c3b3f68fa04c760c30e02d56dddd65f7a723c28b1488cf367bd08467c1d,d949e93c7f803360311208c92f9246584389e13cb7010fc7d06879b87ea758e7,200,2021-03-21T00:07:15.559161,,
460,text/plain; charset=utf-8,0.083,5d0613c11c84f82018b1f62fc4694f0c61b9cdd936f393ed1685a058a736dac3,5a2146a11519805b4ecd9f3b954cf4d1578428cada0b3586834de16ccf42756c,200,2021-03-21T00:07:15.559161,,
6292,text/plain; charset=utf-8,0.129,ab4dcf8129c2c774eac89816c2890390e80799cc248fc89f7a67eb50c43be0b9,37236e7dbb9f3899ebf5f7c074827b210937a2a515ca426490dc6d364e087052,200,2021-03-21T00:07:15.559161,,
3217,text/plain; charset=utf-8,0.222,25278c3b3f68fa04c760c30e02d56dddd65f7a723c28b1488cf367bd08467c1d,d949e93c7f803360311208c92f9246584389e13cb7010fc7d06879b87ea758e7,200,2021-03-22T00:12:02.807186,,
460,text/plain; charset=utf-8,0.166,5d0613c11c84f82018b1f62fc4694f0c61b9cdd936f393ed1685a058a736dac3,5a2146a11519805b4ecd9f3b954cf4d1578428cada0b3586834de16ccf42756c,200,2021-03-22T00:12:02.807186,,
6292,text/plain; charset=utf-8,0.185,ab4dcf8129c2c774eac89816c2890390e80799cc248fc89f7a67eb50c43be0b9,37236e7dbb9f3899ebf5f7c074827b210937a2a515ca426490dc6d364e087052,200,2021-03-22T00:12:02.807186,,
3217,text/plain; charset=utf-8,0.161,25278c3b3f68fa04c760c30e02d56dddd65f7a723c28b1488cf367bd08467c1d,d949e93c7f803360311208c92f9246584389e13cb7010fc7d06879b87ea758e7,200,2021-03-23T00:07:24.757305,,
460,text/plain; charset=utf-8,0.148,5d0613c11c84f82018b1f62fc4694f0c61b9cdd936f393ed1685a058a736dac3,5a2146a11519805b4ecd9f3b954cf4d1578428cada0b3586834de16ccf42756c,200,2021-03-23T00:07:24.757305,,
6292,text/plain; charset=utf-8,0.193,ab4dcf8129c2c774eac89816c2890390e80799cc248fc89f7a67eb50c43be0b9,37236e7dbb9f3899ebf5f7c074827b210937a2a515ca426490dc6d364e087052,200,2021-03-23T00:07:24.757305,,
3217,text/plain; charset=utf-8,0.135,25278c3b3f68fa04c760c30e02d56dddd65f7a723c28b1488cf367bd08467c1d,d949e93c7f803360311208c92f9246584389e13cb7010fc7d06879b87ea758e7,200,2021-03-24T00:07:37.359432,,
460,text/plain; charset=utf-8,0.083,5d0613c11c84f82018b1f62fc4694f0c61b9cdd936f393ed1685a058a736dac3,5a2146a11519805b4ecd9f3b954cf4d1578428cada0b3586834de16ccf42756c,200,2021-03-24T00:07:37.359432,,
6292,text/plain; charset=utf-8,0.113,ab4dcf8129c2c774eac89816c2890390e80799cc248fc89f7a67eb50c43be0b9,37236e7dbb9f3899ebf5f7c074827b210937a2a515ca426490dc6d364e087052,200,2021-03-24T00:07:37.359432,,
3217,text/plain; charset=utf-8,0.084,25278c3b3f68fa04c760c30e02d56dddd65f7a723c28b1488cf367bd08467c1d,d949e93c7f803360311208c92f9246584389e13cb7010fc7d06879b87ea758e7,200,2021-03-25T00:05:51.496561,,
460,text/plain; charset=utf-8,0.085,5d0613c11c84f82018b1f62fc4694f0c61b9cdd936f393ed1685a058a736dac3,5a2146a11519805b4ecd9f3b954cf4d1578428cada0b3586834de16ccf42756c,200,2021-03-25T00:05:51.496561,,
6292,text/plain; charset=utf-8,0.124,ab4dcf8129c2c774eac89816c2890390e80799cc248fc89f7a67eb50c43be0b9,37236e7dbb9f3899ebf5f7c074827b210937a2a515ca426490dc6d364e087052,200,2021-03-25T00:05:51.496561,,
3217,text/plain; charset=utf-8,0.143,25278c3b3f68fa04c760c30e02d56dddd65f7a723c28b1488cf367bd08467c1d,d949e93c7f803360311208c92f9246584389e13cb7010fc7d06879b87ea758e7,200,2021-03-26T00:06:06.313423,,
460,text/plain; charset=utf-8,0.096,5d0613c11c84f82018b1f62fc4694f0c61b9cdd936f393ed1685a058a736dac3,5a2146a11519805b4ecd9f3b954cf4d1578428cada0b3586834de16ccf42756c,200,2021-03-26T00:06:06.313423,,
6292,text/plain; charset=utf-8,0.141,ab4dcf8129c2c774eac89816c2890390e80799cc248fc89f7a67eb50c43be0b9,37236e7dbb9f3899ebf5f7c074827b210937a2a515ca426490dc6d364e087052,200,2021-03-26T00:06:06.313423,,
3217,text/plain; charset=utf-8,0.09,25278c3b3f68fa04c760c30e02d56dddd65f7a723c28b1488cf367bd08467c1d,d949e93c7f803360311208c92f9246584389e13cb7010fc7d06879b87ea758e7,200,2021-03-27T00:03:55.133997,,
460,text/plain; charset=utf-8,0.081,5d0613c11c84f82018b1f62fc4694f0c61b9cdd936f393ed1685a058a736dac3,5a2146a11519805b4ecd9f3b954cf4d1578428cada0b3586834de16ccf42756c,200,2021-03-27T00:03:55.133997,,
6292,text/plain; charset=utf-8,0.135,ab4dcf8129c2c774eac89816c2890390e80799cc248fc89f7a67eb50c43be0b9,37236e7dbb9f3899ebf5f7c074827b210937a2a515ca426490dc6d364e087052,200,2021-03-27T00:03:55.133997,,
3217,text/plain; charset=utf-8,0.089,25278c3b3f68fa04c760c30e02d56dddd65f7a723c28b1488cf367bd08467c1d,d949e93c7f803360311208c92f9246584389e13cb7010fc7d06879b87ea758e7,200,2021-03-28T00:04:02.302420,,
460,text/plain; charset=utf-8,0.097,5d0613c11c84f82018b1f62fc4694f0c61b9cdd936f393ed1685a058a736dac3,5a2146a11519805b4ecd9f3b954cf4d1578428cada0b3586834de16ccf42756c,200,2021-03-28T00:04:02.302420,,
6292,text/plain; charset=utf-8,0.162,ab4dcf8129c2c774eac89816c2890390e80799cc248fc89f7a67eb50c43be0b9,37236e7dbb9f3899ebf5f7c074827b210937a2a515ca426490dc6d364e087052,200,2021-03-28T00:04:02.302420,,
3217,text/plain; charset=utf-8,0.156,25278c3b3f68fa04c760c30e02d56dddd65f7a723c28b1488cf367bd08467c1d,d949e93c7f803360311208c92f9246584389e13cb7010fc7d06879b87ea758e7,200,2021-03-29T00:04:08.734029,,
460,text/plain; charset=utf-8,0.163,5d0613c11c84f82018b1f62fc4694f0c61b9cdd936f393ed1685a058a736dac3,5a2146a11519805b4ecd9f3b954cf4d1578428cada0b3586834de16ccf42756c,200,2021-03-29T00:04:08.734029,,
1048,text/plain; charset=utf-8,0.116,87b3754e109c31b1ad6ab7910f27ca1e1b3ebd28b93af794680a4627cab9f231,1866958e42625fb85a4fdbd8573231474c6368f9d614a6ce5b6f8fa5355d1d43,200,2021-03-29T15:32:59.711198,,
6292,text/plain; charset=utf-8,0.281,ab4dcf8129c2c774eac89816c2890390e80799cc248fc89f7a67eb50c43be0b9,37236e7dbb9f3899ebf5f7c074827b210937a2a515ca426490dc6d364e087052,200,2021-03-29T00:04:08.734029,,
3217,text/plain; charset=utf-8,0.386,25278c3b3f68fa04c760c30e02d56dddd65f7a723c28b1488cf367bd08467c1d,d949e93c7f803360311208c92f9246584389e13cb7010fc7d06879b87ea758e7,200,2021-03-30T10:42:01.341111,,
460,text/plain; charset=utf-8,0.241,5d0613c11c84f82018b1f62fc4694f0c61b9cdd936f393ed1685a058a736dac3,5a2146a11519805b4ecd9f3b954cf4d1578428cada0b3586834de16ccf42756c,200,2021-03-30T10:42:01.341111,,
1048,text/plain; charset=utf-8,0.215,87b3754e109c31b1ad6ab7910f27ca1e1b3ebd28b93af794680a4627cab9f231,25d7608524d30ef8d6b62ca697926f10698c7cb699d52d539f574fd3ac22b5b0,200,2021-03-30T10:42:01.341111,,
6296,text/plain; charset=utf-8,0.508,ab4dcf8129c2c774eac89816c2890390e80799cc248fc89f7a67eb50c43be0b9,21957225f593ecf63a6bef3d1554cc709ca0435f1a7c8c3beff954bcffdfb3ea,200,2021-03-30T10:42:01.341111,,
3217,text/plain; charset=utf-8,0.151,25278c3b3f68fa04c760c30e02d56dddd65f7a723c28b1488cf367bd08467c1d,d949e93c7f803360311208c92f9246584389e13cb7010fc7d06879b87ea758e7,200,2021-03-31T00:03:24.091859,,
460,text/plain; charset=utf-8,0.169,5d0613c11c84f82018b1f62fc4694f0c61b9cdd936f393ed1685a058a736dac3,5a2146a11519805b4ecd9f3b954cf4d1578428cada0b3586834de16ccf42756c,200,2021-03-31T00:03:24.091859,,
1048,text/plain; charset=utf-8,0.157,87b3754e109c31b1ad6ab7910f27ca1e1b3ebd28b93af794680a4627cab9f231,25d7608524d30ef8d6b62ca697926f10698c7cb699d52d539f574fd3ac22b5b0,200,2021-03-31T00:03:24.091859,,
6296,text/plain; charset=utf-8,0.233,ab4dcf8129c2c774eac89816c2890390e80799cc248fc89f7a67eb50c43be0b9,21957225f593ecf63a6bef3d1554cc709ca0435f1a7c8c3beff954bcffdfb3ea,200,2021-03-31T00:03:24.091859,,
3217,text/plain; charset=utf-8,0.086,25278c3b3f68fa04c760c30e02d56dddd65f7a723c28b1488cf367bd08467c1d,d949e93c7f803360311208c92f9246584389e13cb7010fc7d06879b87ea758e7,200,2021-04-01T00:04:47.152631,,
460,text/plain; charset=utf-8,0.085,5d0613c11c84f82018b1f62fc4694f0c61b9cdd936f393ed1685a058a736dac3,5a2146a11519805b4ecd9f3b954cf4d1578428cada0b3586834de16ccf42756c,200,2021-04-01T00:04:47.152631,,
1048,text/plain; charset=utf-8,0.084,87b3754e109c31b1ad6ab7910f27ca1e1b3ebd28b93af794680a4627cab9f231,25d7608524d30ef8d6b62ca697926f10698c7cb699d52d539f574fd3ac22b5b0,200,2021-04-01T00:04:47.152631,,
6296,text/plain; charset=utf-8,0.108,ab4dcf8129c2c774eac89816c2890390e80799cc248fc89f7a67eb50c43be0b9,21957225f593ecf63a6bef3d1554cc709ca0435f1a7c8c3beff954bcffdfb3ea,200,2021-04-01T00:04:47.152631,,
